1,2021-01-01,1,1,2021
2,2021-01-02,1,1,2021
3,2021-01-03,1,1,2021
4,2021-01-04,1,1,2021
5,2021-01-05,1,1,2021
6,2021-01-06,1,1,2021
7,2021-01-07,1,1,2021
8,2021-01-08,1,1,2021
9,2021-01-09,1,1,2021
10,2021-01-10,1,1,2021
11,2021-01-11,1,1,2021
12,2021-01-12,1,1,2021
13,2021-01-13,1,1,2021
14,2021-01-14,1,1,2021
15,2021-01-15,1,1,2021
16,2021-01-16,1,1,2021
17,2021-01-17,1,1,2021
18,2021-01-18,1,1,2021
19,2021-01-19,1,1,2021
20,2021-01-20,1,1,2021
21,2021-01-21,1,1,2021
22,2021-01-22,1,1,2021
23,2021-01-23,1,1,2021
24,2021-01-24,1,1,2021
25,2021-01-25,1,1,2021
26,2021-01-26,1,1,2021
27,2021-01-27,1,1,2021
28,2021-01-28,1,1,2021
29,2021-01-29,1,1,2021
30,2021-01-30,1,1,2021
31,2021-01-31,1,1,2021
32,2021-02-01,2,1,2021
33,2021-02-02,2,1,2021
34,2021-02-03,2,1,2021
35,2021-02-04,2,1,2021
36,2021-02-05,2,1,2021
37,2021-02-06,2,1,2021
38,2021-02-07,2,1,2021
39,2021-02-08,2,1,2021
40,2021-02-09,2,1,2021
41,2021-02-10,2,1,2021
42,2021-02-11,2,1,2021
43,2021-02-12,2,1,2021
44,2021-02-13,2,1,2021
45,2021-02-14,2,1,2021
46,2021-02-15,2,1,2021
47,2021-02-16,2,1,2021
48,2021-02-17,2,1,2021
49,2021-02-18,2,1,2021
50,2021-02-19,2,1,2021
51,2021-02-20,2,1,2021
52,2021-02-21,2,1,2021
53,2021-02-22,2,1,2021
54,2021-02-23,2,1,2021
55,2021-02-24,2,1,2021
56,2021-02-25,2,1,2021
57,2021-02-26,2,1,2021
58,2021-02-27,2,1,2021
59,2021-02-28,2,1,2021
60,2021-03-01,3,1,2021
61,2021-03-02,3,1,2021
62,2021-03-03,3,1,2021
63,2021-03-04,3,1,2021
64,2021-03-05,3,1,2021
65,2021-03-06,3,1,2021
66,2021-03-07,3,1,2021
67,2021-03-08,3,1,2021
68,2021-03-09,3,1,2021
69,2021-03-10,3,1,2021
70,2021-03-11,3,1,2021
71,2021-03-12,3,1,2021
72,2021-03-13,3,1,2021
73,2021-03-14,3,1,2021
74,2021-03-15,3,1,2021
75,2021-03-16,3,1,2021
76,2021-03-17,3,1,2021
77,2021-03-18,3,1,2021
78,2021-03-19,3,1,2021
79,2021-03-20,3,1,2021
80,2021-03-21,3,1,2021
81,2021-03-22,3,1,2021
82,2021-03-23,3,1,2021
83,2021-03-24,3,1,2021
84,2021-03-25,3,1,2021
85,2021-03-26,3,1,2021
86,2021-03-27,3,1,2021
87,2021-03-28,3,1,2021
88,2021-03-29,3,1,2021
89,2021-03-30,3,1,2021
90,2021-03-31,3,1,2021
91,2021-04-01,4,2,2021
92,2021-04-02,4,2,2021
93,2021-04-03,4,2,2021
94,2021-04-04,4,2,2021
95,2021-04-05,4,2,2021
96,2021-04-06,4,2,2021
97,2021-04-07,4,2,2021
98,2021-04-08,4,2,2021
99,2021-04-09,4,2,2021
100,2021-04-10,4,2,2021
101,2021-04-11,4,2,2021
102,2021-04-12,4,2,2021
103,2021-04-13,4,2,2021
104,2021-04-14,4,2,2021
105,2021-04-15,4,2,2021
106,2021-04-16,4,2,2021
107,2021-04-17,4,2,2021
108,2021-04-18,4,2,2021
109,2021-04-19,4,2,2021
110,2021-04-20,4,2,2021
111,2021-04-21,4,2,2021
112,2021-04-22,4,2,2021
113,2021-04-23,4,2,2021
114,2021-04-24,4,2,2021
115,2021-04-25,4,2,2021
116,2021-04-26,4,2,2021
117,2021-04-27,4,2,2021
118,2021-04-28,4,2,2021
119,2021-04-29,4,2,2021
120,2021-04-30,4,2,2021
121,2021-05-01,5,2,2021
122,2021-05-02,5,2,2021
123,2021-05-03,5,2,2021
124,2021-05-04,5,2,2021
125,2021-05-05,5,2,2021
126,2021-05-06,5,2,2021
127,2021-05-07,5,2,2021
128,2021-05-08,5,2,2021
129,2021-05-09,5,2,2021
130,2021-05-10,5,2,2021
131,2021-05-11,5,2,2021
132,2021-05-12,5,2,2021
133,2021-05-13,5,2,2021
134,2021-05-14,5,2,2021
135,2021-05-15,5,2,2021
136,2021-05-16,5,2,2021
137,2021-05-17,5,2,2021
138,2021-05-18,5,2,2021
139,2021-05-19,5,2,2021
140,2021-05-20,5,2,2021
141,2021-05-21,5,2,2021
142,2021-05-22,5,2,2021
143,2021-05-23,5,2,2021
144,2021-05-24,5,2,2021
145,2021-05-25,5,2,2021
146,2021-05-26,5,2,2021
147,2021-05-27,5,2,2021
148,2021-05-28,5,2,2021
149,2021-05-29,5,2,2021
150,2021-05-30,5,2,2021
151,2021-05-31,5,2,2021
152,2021-06-01,6,2,2021
153,2021-06-02,6,2,2021
154,2021-06-03,6,2,2021
155,2021-06-04,6,2,2021
156,2021-06-05,6,2,2021
157,2021-06-06,6,2,2021
158,2021-06-07,6,2,2021
159,2021-06-08,6,2,2021
160,2021-06-09,6,2,2021
161,2021-06-10,6,2,2021
162,2021-06-11,6,2,2021
163,2021-06-12,6,2,2021
164,2021-06-13,6,2,2021
165,2021-06-14,6,2,2021
166,2021-06-15,6,2,2021
167,2021-06-16,6,2,2021
168,2021-06-17,6,2,2021
169,2021-06-18,6,2,2021
170,2021-06-19,6,2,2021
171,2021-06-20,6,2,2021
172,2021-06-21,6,2,2021
173,2021-06-22,6,2,2021
174,2021-06-23,6,2,2021
175,2021-06-24,6,2,2021
176,2021-06-25,6,2,2021
177,2021-06-26,6,2,2021
178,2021-06-27,6,2,2021
179,2021-06-28,6,2,2021
180,2021-06-29,6,2,2021
181,2021-06-30,6,2,2021
182,2021-07-01,7,3,2021
183,2021-07-02,7,3,2021
184,2021-07-03,7,3,2021
185,2021-07-04,7,3,2021
186,2021-07-05,7,3,2021
187,2021-07-06,7,3,2021
188,2021-07-07,7,3,2021
189,2021-07-08,7,3,2021
190,2021-07-09,7,3,2021
191,2021-07-10,7,3,2021
192,2021-07-11,7,3,2021
193,2021-07-12,7,3,2021
194,2021-07-13,7,3,2021
195,2021-07-14,7,3,2021
196,2021-07-15,7,3,2021
197,2021-07-16,7,3,2021
198,2021-07-17,7,3,2021
199,2021-07-18,7,3,2021
200,2021-07-19,7,3,2021
201,2021-07-20,7,3,2021
202,2021-07-21,7,3,2021
203,2021-07-22,7,3,2021
204,2021-07-23,7,3,2021
205,2021-07-24,7,3,2021
206,2021-07-25,7,3,2021
207,2021-07-26,7,3,2021
208,2021-07-27,7,3,2021
209,2021-07-28,7,3,2021
210,2021-07-29,7,3,2021
211,2021-07-30,7,3,2021
212,2021-07-31,7,3,2021
213,2021-08-01,8,3,2021
214,2021-08-02,8,3,2021
215,2021-08-03,8,3,2021
216,2021-08-04,8,3,2021
217,2021-08-05,8,3,2021
218,2021-08-06,8,3,2021
219,2021-08-07,8,3,2021
220,2021-08-08,8,3,2021
221,2021-08-09,8,3,2021
222,2021-08-10,8,3,2021
223,2021-08-11,8,3,2021
224,2021-08-12,8,3,2021
225,2021-08-13,8,3,2021
226,2021-08-14,8,3,2021
227,2021-08-15,8,3,2021
228,2021-08-16,8,3,2021
229,2021-08-17,8,3,2021
230,2021-08-18,8,3,2021
231,2021-08-19,8,3,2021
232,2021-08-20,8,3,2021
233,2021-08-21,8,3,2021
234,2021-08-22,8,3,2021
235,2021-08-23,8,3,2021
236,2021-08-24,8,3,2021
237,2021-08-25,8,3,2021
238,2021-08-26,8,3,2021
239,2021-08-27,8,3,2021
240,2021-08-28,8,3,2021
241,2021-08-29,8,3,2021
242,2021-08-30,8,3,2021
243,2021-08-31,8,3,2021
244,2021-09-01,9,3,2021
245,2021-09-02,9,3,2021
246,2021-09-03,9,3,2021
247,2021-09-04,9,3,2021
248,2021-09-05,9,3,2021
249,2021-09-06,9,3,2021
250,2021-09-07,9,3,2021
251,2021-09-08,9,3,2021
252,2021-09-09,9,3,2021
253,2021-09-10,9,3,2021
254,2021-09-11,9,3,2021
255,2021-09-12,9,3,2021
256,2021-09-13,9,3,2021
257,2021-09-14,9,3,2021
258,2021-09-15,9,3,2021
259,2021-09-16,9,3,2021
260,2021-09-17,9,3,2021
261,2021-09-18,9,3,2021
262,2021-09-19,9,3,2021
263,2021-09-20,9,3,2021
264,2021-09-21,9,3,2021
265,2021-09-22,9,3,2021
266,2021-09-23,9,3,2021
267,2021-09-24,9,3,2021
268,2021-09-25,9,3,2021
269,2021-09-26,9,3,2021
270,2021-09-27,9,3,2021
271,2021-09-28,9,3,2021
272,2021-09-29,9,3,2021
273,2021-09-30,9,3,2021
274,2021-10-01,10,4,2021
275,2021-10-02,10,4,2021
276,2021-10-03,10,4,2021
277,2021-10-04,10,4,2021
278,2021-10-05,10,4,2021
279,2021-10-06,10,4,2021
280,2021-10-07,10,4,2021
281,2021-10-08,10,4,2021
282,2021-10-09,10,4,2021
283,2021-10-10,10,4,2021
284,2021-10-11,10,4,2021
285,2021-10-12,10,4,2021
286,2021-10-13,10,4,2021
287,2021-10-14,10,4,2021
288,2021-10-15,10,4,2021
289,2021-10-16,10,4,2021
290,2021-10-17,10,4,2021
291,2021-10-18,10,4,2021
292,2021-10-19,10,4,2021
293,2021-10-20,10,4,2021
294,2021-10-21,10,4,2021
295,2021-10-22,10,4,2021
296,2021-10-23,10,4,2021
297,2021-10-24,10,4,2021
298,2021-10-25,10,4,2021
299,2021-10-26,10,4,2021
300,2021-10-27,10,4,2021
301,2021-10-28,10,4,2021
302,2021-10-29,10,4,2021
303,2021-10-30,10,4,2021
304,2021-10-31,10,4,2021
305,2021-11-01,11,4,2021
306,2021-11-02,11,4,2021
307,2021-11-03,11,4,2021
308,2021-11-04,11,4,2021
309,2021-11-05,11,4,2021
310,2021-11-06,11,4,2021
311,2021-11-07,11,4,2021
312,2021-11-08,11,4,2021
313,2021-11-09,11,4,2021
314,2021-11-10,11,4,2021
315,2021-11-11,11,4,2021
316,2021-11-12,11,4,2021
317,2021-11-13,11,4,2021
318,2021-11-14,11,4,2021
319,2021-11-15,11,4,2021
320,2021-11-16,11,4,2021
321,2021-11-17,11,4,2021
322,2021-11-18,11,4,2021
323,2021-11-19,11,4,2021
324,2021-11-20,11,4,2021
325,2021-11-21,11,4,2021
326,2021-11-22,11,4,2021
327,2021-11-23,11,4,2021
328,2021-11-24,11,4,2021
329,2021-11-25,11,4,2021
330,2021-11-26,11,4,2021
331,2021-11-27,11,4,2021
332,2021-11-28,11,4,2021
333,2021-11-29,11,4,2021
334,2021-11-30,11,4,2021
335,2021-12-01,12,4,2021
336,2021-12-02,12,4,2021
337,2021-12-03,12,4,2021
338,2021-12-04,12,4,2021
339,2021-12-05,12,4,2021
340,2021-12-06,12,4,2021
341,2021-12-07,12,4,2021
342,2021-12-08,12,4,2021
343,2021-12-09,12,4,2021
344,2021-12-10,12,4,2021
345,2021-12-11,12,4,2021
346,2021-12-12,12,4,2021
347,2021-12-13,12,4,2021
348,2021-12-14,12,4,2021
349,2021-12-15,12,4,2021
350,2021-12-16,12,4,2021
351,2021-12-17,12,4,2021
352,2021-12-18,12,4,2021
353,2021-12-19,12,4,2021
354,2021-12-20,12,4,2021
355,2021-12-21,12,4,2021
356,2021-12-22,12,4,2021
357,2021-12-23,12,4,2021
358,2021-12-24,12,4,2021
359,2021-12-25,12,4,2021
360,2021-12-26,12,4,2021
361,2021-12-27,12,4,2021
362,2021-12-28,12,4,2021
363,2021-12-29,12,4,2021
364,2021-12-30,12,4,2021
365,2021-12-31,12,4,2021
366,2022-01-01,1,1,2022
367,2022-01-02,1,1,2022
368,2022-01-03,1,1,2022
369,2022-01-04,1,1,2022
370,2022-01-05,1,1,2022
371,2022-01-06,1,1,2022
372,2022-01-07,1,1,2022
373,2022-01-08,1,1,2022
374,2022-01-09,1,1,2022
375,2022-01-10,1,1,2022
376,2022-01-11,1,1,2022
377,2022-01-12,1,1,2022
378,2022-01-13,1,1,2022
379,2022-01-14,1,1,2022
380,2022-01-15,1,1,2022
381,2022-01-16,1,1,2022
382,2022-01-17,1,1,2022
383,2022-01-18,1,1,2022
384,2022-01-19,1,1,2022
385,2022-01-20,1,1,2022
386,2022-01-21,1,1,2022
387,2022-01-22,1,1,2022
388,2022-01-23,1,1,2022
389,2022-01-24,1,1,2022
390,2022-01-25,1,1,2022
391,2022-01-26,1,1,2022
392,2022-01-27,1,1,2022
393,2022-01-28,1,1,2022
394,2022-01-29,1,1,2022
395,2022-01-30,1,1,2022
396,2022-01-31,1,1,2022
397,2022-02-01,2,1,2022
398,2022-02-02,2,1,2022
399,2022-02-03,2,1,2022
400,2022-02-04,2,1,2022
401,2022-02-05,2,1,2022
402,2022-02-06,2,1,2022
403,2022-02-07,2,1,2022
404,2022-02-08,2,1,2022
405,2022-02-09,2,1,2022
406,2022-02-10,2,1,2022
407,2022-02-11,2,1,2022
408,2022-02-12,2,1,2022
409,2022-02-13,2,1,2022
410,2022-02-14,2,1,2022
411,2022-02-15,2,1,2022
412,2022-02-16,2,1,2022
413,2022-02-17,2,1,2022
414,2022-02-18,2,1,2022
415,2022-02-19,2,1,2022
416,2022-02-20,2,1,2022
417,2022-02-21,2,1,2022
418,2022-02-22,2,1,2022
419,2022-02-23,2,1,2022
420,2022-02-24,2,1,2022
421,2022-02-25,2,1,2022
422,2022-02-26,2,1,2022
423,2022-02-27,2,1,2022
424,2022-02-28,2,1,2022
425,2022-03-01,3,1,2022
426,2022-03-02,3,1,2022
427,2022-03-03,3,1,2022
428,2022-03-04,3,1,2022
429,2022-03-05,3,1,2022
430,2022-03-06,3,1,2022
431,2022-03-07,3,1,2022
432,2022-03-08,3,1,2022
433,2022-03-09,3,1,2022
434,2022-03-10,3,1,2022
435,2022-03-11,3,1,2022
436,2022-03-12,3,1,2022
437,2022-03-13,3,1,2022
438,2022-03-14,3,1,2022
439,2022-03-15,3,1,2022
440,2022-03-16,3,1,2022
441,2022-03-17,3,1,2022
442,2022-03-18,3,1,2022
443,2022-03-19,3,1,2022
444,2022-03-20,3,1,2022
445,2022-03-21,3,1,2022
446,2022-03-22,3,1,2022
447,2022-03-23,3,1,2022
448,2022-03-24,3,1,2022
449,2022-03-25,3,1,2022
450,2022-03-26,3,1,2022
451,2022-03-27,3,1,2022
452,2022-03-28,3,1,2022
453,2022-03-29,3,1,2022
454,2022-03-30,3,1,2022
455,2022-03-31,3,1,2022
456,2022-04-01,4,2,2022
457,2022-04-02,4,2,2022
458,2022-04-03,4,2,2022
459,2022-04-04,4,2,2022
460,2022-04-05,4,2,2022
461,2022-04-06,4,2,2022
462,2022-04-07,4,2,2022
463,2022-04-08,4,2,2022
464,2022-04-09,4,2,2022
465,2022-04-10,4,2,2022
466,2022-04-11,4,2,2022
467,2022-04-12,4,2,2022
468,2022-04-13,4,2,2022
469,2022-04-14,4,2,2022
470,2022-04-15,4,2,2022
471,2022-04-16,4,2,2022
472,2022-04-17,4,2,2022
473,2022-04-18,4,2,2022
474,2022-04-19,4,2,2022
475,2022-04-20,4,2,2022
476,2022-04-21,4,2,2022
477,2022-04-22,4,2,2022
478,2022-04-23,4,2,2022
479,2022-04-24,4,2,2022
480,2022-04-25,4,2,2022
481,2022-04-26,4,2,2022
482,2022-04-27,4,2,2022
483,2022-04-28,4,2,2022
484,2022-04-29,4,2,2022
485,2022-04-30,4,2,2022
486,2022-05-01,5,2,2022
487,2022-05-02,5,2,2022
488,2022-05-03,5,2,2022
489,2022-05-04,5,2,2022
490,2022-05-05,5,2,2022
491,2022-05-06,5,2,2022
492,2022-05-07,5,2,2022
493,2022-05-08,5,2,2022
494,2022-05-09,5,2,2022
495,2022-05-10,5,2,2022
496,2022-05-11,5,2,2022
497,2022-05-12,5,2,2022
498,2022-05-13,5,2,2022
499,2022-05-14,5,2,2022
500,2022-05-15,5,2,2022
501,2022-05-16,5,2,2022
502,2022-05-17,5,2,2022
503,2022-05-18,5,2,2022
504,2022-05-19,5,2,2022
505,2022-05-20,5,2,2022
506,2022-05-21,5,2,2022
507,2022-05-22,5,2,2022
508,2022-05-23,5,2,2022
509,2022-05-24,5,2,2022
510,2022-05-25,5,2,2022
511,2022-05-26,5,2,2022
512,2022-05-27,5,2,2022
513,2022-05-28,5,2,2022
514,2022-05-29,5,2,2022
515,2022-05-30,5,2,2022
516,2022-05-31,5,2,2022
517,2022-06-01,6,2,2022
518,2022-06-02,6,2,2022
519,2022-06-03,6,2,2022
520,2022-06-04,6,2,2022
521,2022-06-05,6,2,2022
522,2022-06-06,6,2,2022
523,2022-06-07,6,2,2022
524,2022-06-08,6,2,2022
525,2022-06-09,6,2,2022
526,2022-06-10,6,2,2022
527,2022-06-11,6,2,2022
528,2022-06-12,6,2,2022
529,2022-06-13,6,2,2022
530,2022-06-14,6,2,2022
531,2022-06-15,6,2,2022
532,2022-06-16,6,2,2022
533,2022-06-17,6,2,2022
534,2022-06-18,6,2,2022
535,2022-06-19,6,2,2022
536,2022-06-20,6,2,2022
537,2022-06-21,6,2,2022
538,2022-06-22,6,2,2022
539,2022-06-23,6,2,2022
540,2022-06-24,6,2,2022
541,2022-06-25,6,2,2022
542,2022-06-26,6,2,2022
543,2022-06-27,6,2,2022
544,2022-06-28,6,2,2022
545,2022-06-29,6,2,2022
546,2022-06-30,6,2,2022
547,2022-07-01,7,3,2022
548,2022-07-02,7,3,2022
549,2022-07-03,7,3,2022
550,2022-07-04,7,3,2022
551,2022-07-05,7,3,2022
552,2022-07-06,7,3,2022
553,2022-07-07,7,3,2022
554,2022-07-08,7,3,2022
555,2022-07-09,7,3,2022
556,2022-07-10,7,3,2022
557,2022-07-11,7,3,2022
558,2022-07-12,7,3,2022
559,2022-07-13,7,3,2022
560,2022-07-14,7,3,2022
561,2022-07-15,7,3,2022
562,2022-07-16,7,3,2022
563,2022-07-17,7,3,2022
564,2022-07-18,7,3,2022
565,2022-07-19,7,3,2022
566,2022-07-20,7,3,2022
567,2022-07-21,7,3,2022
568,2022-07-22,7,3,2022
569,2022-07-23,7,3,2022
570,2022-07-24,7,3,2022
571,2022-07-25,7,3,2022
572,2022-07-26,7,3,2022
573,2022-07-27,7,3,2022
574,2022-07-28,7,3,2022
575,2022-07-29,7,3,2022
576,2022-07-30,7,3,2022
577,2022-07-31,7,3,2022
578,2022-08-01,8,3,2022
579,2022-08-02,8,3,2022
580,2022-08-03,8,3,2022
581,2022-08-04,8,3,2022
582,2022-08-05,8,3,2022
583,2022-08-06,8,3,2022
584,2022-08-07,8,3,2022
585,2022-08-08,8,3,2022
586,2022-08-09,8,3,2022
587,2022-08-10,8,3,2022
588,2022-08-11,8,3,2022
589,2022-08-12,8,3,2022
590,2022-08-13,8,3,2022
591,2022-08-14,8,3,2022
592,2022-08-15,8,3,2022
593,2022-08-16,8,3,2022
594,2022-08-17,8,3,2022
595,2022-08-18,8,3,2022
596,2022-08-19,8,3,2022
597,2022-08-20,8,3,2022
598,2022-08-21,8,3,2022
599,2022-08-22,8,3,2022
600,2022-08-23,8,3,2022
601,2022-08-24,8,3,2022
602,2022-08-25,8,3,2022
603,2022-08-26,8,3,2022
604,2022-08-27,8,3,2022
605,2022-08-28,8,3,2022
606,2022-08-29,8,3,2022
607,2022-08-30,8,3,2022
608,2022-08-31,8,3,2022
609,2022-09-01,9,3,2022
610,2022-09-02,9,3,2022
611,2022-09-03,9,3,2022
612,2022-09-04,9,3,2022
613,2022-09-05,9,3,2022
614,2022-09-06,9,3,2022
615,2022-09-07,9,3,2022
616,2022-09-08,9,3,2022
617,2022-09-09,9,3,2022
618,2022-09-10,9,3,2022
619,2022-09-11,9,3,2022
620,2022-09-12,9,3,2022
621,2022-09-13,9,3,2022
622,2022-09-14,9,3,2022
623,2022-09-15,9,3,2022
624,2022-09-16,9,3,2022
625,2022-09-17,9,3,2022
626,2022-09-18,9,3,2022
627,2022-09-19,9,3,2022
628,2022-09-20,9,3,2022
629,2022-09-21,9,3,2022
630,2022-09-22,9,3,2022
631,2022-09-23,9,3,2022
632,2022-09-24,9,3,2022
633,2022-09-25,9,3,2022
634,2022-09-26,9,3,2022
635,2022-09-27,9,3,2022
636,2022-09-28,9,3,2022
637,2022-09-29,9,3,2022
638,2022-09-30,9,3,2022
639,2022-10-01,10,4,2022
640,2022-10-02,10,4,2022
641,2022-10-03,10,4,2022
642,2022-10-04,10,4,2022
643,2022-10-05,10,4,2022
644,2022-10-06,10,4,2022
645,2022-10-07,10,4,2022
646,2022-10-08,10,4,2022
647,2022-10-09,10,4,2022
648,2022-10-10,10,4,2022
649,2022-10-11,10,4,2022
650,2022-10-12,10,4,2022
651,2022-10-13,10,4,2022
652,2022-10-14,10,4,2022
653,2022-10-15,10,4,2022
654,2022-10-16,10,4,2022
655,2022-10-17,10,4,2022
656,2022-10-18,10,4,2022
657,2022-10-19,10,4,2022
658,2022-10-20,10,4,2022
659,2022-10-21,10,4,2022
660,2022-10-22,10,4,2022
661,2022-10-23,10,4,2022
662,2022-10-24,10,4,2022
663,2022-10-25,10,4,2022
664,2022-10-26,10,4,2022
665,2022-10-27,10,4,2022
666,2022-10-28,10,4,2022
667,2022-10-29,10,4,2022
668,2022-10-30,10,4,2022
669,2022-10-31,10,4,2022
670,2022-11-01,11,4,2022
671,2022-11-02,11,4,2022
672,2022-11-03,11,4,2022
673,2022-11-04,11,4,2022
674,2022-11-05,11,4,2022
675,2022-11-06,11,4,2022
676,2022-11-07,11,4,2022
677,2022-11-08,11,4,2022
678,2022-11-09,11,4,2022
679,2022-11-10,11,4,2022
680,2022-11-11,11,4,2022
681,2022-11-12,11,4,2022
682,2022-11-13,11,4,2022
683,2022-11-14,11,4,2022
684,2022-11-15,11,4,2022
685,2022-11-16,11,4,2022
686,2022-11-17,11,4,2022
687,2022-11-18,11,4,2022
688,2022-11-19,11,4,2022
689,2022-11-20,11,4,2022
690,2022-11-21,11,4,2022
691,2022-11-22,11,4,2022
692,2022-11-23,11,4,2022
693,2022-11-24,11,4,2022
694,2022-11-25,11,4,2022
695,2022-11-26,11,4,2022
696,2022-11-27,11,4,2022
697,2022-11-28,11,4,2022
698,2022-11-29,11,4,2022
699,2022-11-30,11,4,2022
700,2022-12-01,12,4,2022
701,2022-12-02,12,4,2022
702,2022-12-03,12,4,2022
703,2022-12-04,12,4,2022
704,2022-12-05,12,4,2022
705,2022-12-06,12,4,2022
706,2022-12-07,12,4,2022
707,2022-12-08,12,4,2022
708,2022-12-09,12,4,2022
709,2022-12-10,12,4,2022
710,2022-12-11,12,4,2022
711,2022-12-12,12,4,2022
712,2022-12-13,12,4,2022
713,2022-12-14,12,4,2022
714,2022-12-15,12,4,2022
715,2022-12-16,12,4,2022
716,2022-12-17,12,4,2022
717,2022-12-18,12,4,2022
718,2022-12-19,12,4,2022
719,2022-12-20,12,4,2022
720,2022-12-21,12,4,2022
721,2022-12-22,12,4,2022
722,2022-12-23,12,4,2022
723,2022-12-24,12,4,2022
724,2022-12-25,12,4,2022
725,2022-12-26,12,4,2022
726,2022-12-27,12,4,2022
727,2022-12-28,12,4,2022
728,2022-12-29,12,4,2022
729,2022-12-30,12,4,2022
730,2022-12-31,12,4,2022
731,2023-01-01,1,1,2023
732,2023-01-02,1,1,2023
733,2023-01-03,1,1,2023
734,2023-01-04,1,1,2023
735,2023-01-05,1,1,2023
736,2023-01-06,1,1,2023
737,2023-01-07,1,1,2023
738,2023-01-08,1,1,2023
739,2023-01-09,1,1,2023
740,2023-01-10,1,1,2023
741,2023-01-11,1,1,2023
742,2023-01-12,1,1,2023
743,2023-01-13,1,1,2023
744,2023-01-14,1,1,2023
745,2023-01-15,1,1,2023
746,2023-01-16,1,1,2023
747,2023-01-17,1,1,2023
748,2023-01-18,1,1,2023
749,2023-01-19,1,1,2023
750,2023-01-20,1,1,2023
751,2023-01-21,1,1,2023
752,2023-01-22,1,1,2023
753,2023-01-23,1,1,2023
754,2023-01-24,1,1,2023
755,2023-01-25,1,1,2023
756,2023-01-26,1,1,2023
757,2023-01-27,1,1,2023
758,2023-01-28,1,1,2023
759,2023-01-29,1,1,2023
760,2023-01-30,1,1,2023
761,2023-01-31,1,1,2023
762,2023-02-01,2,1,2023
763,2023-02-02,2,1,2023
764,2023-02-03,2,1,2023
765,2023-02-04,2,1,2023
766,2023-02-05,2,1,2023
767,2023-02-06,2,1,2023
768,2023-02-07,2,1,2023
769,2023-02-08,2,1,2023
770,2023-02-09,2,1,2023
771,2023-02-10,2,1,2023
772,2023-02-11,2,1,2023
773,2023-02-12,2,1,2023
774,2023-02-13,2,1,2023
775,2023-02-14,2,1,2023
776,2023-02-15,2,1,2023
777,2023-02-16,2,1,2023
778,2023-02-17,2,1,2023
779,2023-02-18,2,1,2023
780,2023-02-19,2,1,2023
781,2023-02-20,2,1,2023
782,2023-02-21,2,1,2023
783,2023-02-22,2,1,2023
784,2023-02-23,2,1,2023
785,2023-02-24,2,1,2023
786,2023-02-25,2,1,2023
787,2023-02-26,2,1,2023
788,2023-02-27,2,1,2023
789,2023-02-28,2,1,2023
790,2023-03-01,3,1,2023
791,2023-03-02,3,1,2023
792,2023-03-03,3,1,2023
793,2023-03-04,3,1,2023
794,2023-03-05,3,1,2023
795,2023-03-06,3,1,2023
796,2023-03-07,3,1,2023
797,2023-03-08,3,1,2023
798,2023-03-09,3,1,2023
799,2023-03-10,3,1,2023
800,2023-03-11,3,1,2023
801,2023-03-12,3,1,2023
802,2023-03-13,3,1,2023
803,2023-03-14,3,1,2023
804,2023-03-15,3,1,2023
805,2023-03-16,3,1,2023
806,2023-03-17,3,1,2023
807,2023-03-18,3,1,2023
808,2023-03-19,3,1,2023
809,2023-03-20,3,1,2023
810,2023-03-21,3,1,2023
811,2023-03-22,3,1,2023
812,2023-03-23,3,1,2023
813,2023-03-24,3,1,2023
814,2023-03-25,3,1,2023
815,2023-03-26,3,1,2023
816,2023-03-27,3,1,2023
817,2023-03-28,3,1,2023
818,2023-03-29,3,1,2023
819,2023-03-30,3,1,2023
820,2023-03-31,3,1,2023
821,2023-04-01,4,2,2023
822,2023-04-02,4,2,2023
823,2023-04-03,4,2,2023
824,2023-04-04,4,2,2023
825,2023-04-05,4,2,2023
826,2023-04-06,4,2,2023
827,2023-04-07,4,2,2023
828,2023-04-08,4,2,2023
829,2023-04-09,4,2,2023
830,2023-04-10,4,2,2023
831,2023-04-11,4,2,2023
832,2023-04-12,4,2,2023
833,2023-04-13,4,2,2023
834,2023-04-14,4,2,2023
835,2023-04-15,4,2,2023
836,2023-04-16,4,2,2023
837,2023-04-17,4,2,2023
838,2023-04-18,4,2,2023
839,2023-04-19,4,2,2023
840,2023-04-20,4,2,2023
841,2023-04-21,4,2,2023
842,2023-04-22,4,2,2023
843,2023-04-23,4,2,2023
844,2023-04-24,4,2,2023
845,2023-04-25,4,2,2023
846,2023-04-26,4,2,2023
847,2023-04-27,4,2,2023
848,2023-04-28,4,2,2023
849,2023-04-29,4,2,2023
850,2023-04-30,4,2,2023
851,2023-05-01,5,2,2023
852,2023-05-02,5,2,2023
853,2023-05-03,5,2,2023
854,2023-05-04,5,2,2023
855,2023-05-05,5,2,2023
856,2023-05-06,5,2,2023
857,2023-05-07,5,2,2023
858,2023-05-08,5,2,2023
859,2023-05-09,5,2,2023
860,2023-05-10,5,2,2023
861,2023-05-11,5,2,2023
862,2023-05-12,5,2,2023
863,2023-05-13,5,2,2023
864,2023-05-14,5,2,2023
865,2023-05-15,5,2,2023
866,2023-05-16,5,2,2023
867,2023-05-17,5,2,2023
868,2023-05-18,5,2,2023
869,2023-05-19,5,2,2023
870,2023-05-20,5,2,2023
871,2023-05-21,5,2,2023
872,2023-05-22,5,2,2023
873,2023-05-23,5,2,2023
874,2023-05-24,5,2,2023
875,2023-05-25,5,2,2023
876,2023-05-26,5,2,2023
877,2023-05-27,5,2,2023
878,2023-05-28,5,2,2023
879,2023-05-29,5,2,2023
880,2023-05-30,5,2,2023
881,2023-05-31,5,2,2023
882,2023-06-01,6,2,2023
883,2023-06-02,6,2,2023
884,2023-06-03,6,2,2023
885,2023-06-04,6,2,2023
886,2023-06-05,6,2,2023
887,2023-06-06,6,2,2023
888,2023-06-07,6,2,2023
889,2023-06-08,6,2,2023
890,2023-06-09,6,2,2023
891,2023-06-10,6,2,2023
892,2023-06-11,6,2,2023
893,2023-06-12,6,2,2023
894,2023-06-13,6,2,2023
895,2023-06-14,6,2,2023
896,2023-06-15,6,2,2023
897,2023-06-16,6,2,2023
898,2023-06-17,6,2,2023
899,2023-06-18,6,2,2023
900,2023-06-19,6,2,2023
901,2023-06-20,6,2,2023
902,2023-06-21,6,2,2023
903,2023-06-22,6,2,2023
904,2023-06-23,6,2,2023
905,2023-06-24,6,2,2023
906,2023-06-25,6,2,2023
907,2023-06-26,6,2,2023
908,2023-06-27,6,2,2023
909,2023-06-28,6,2,2023
910,2023-06-29,6,2,2023
911,2023-06-30,6,2,2023
912,2023-07-01,7,3,2023
913,2023-07-02,7,3,2023
914,2023-07-03,7,3,2023
915,2023-07-04,7,3,2023
916,2023-07-05,7,3,2023
917,2023-07-06,7,3,2023
918,2023-07-07,7,3,2023
919,2023-07-08,7,3,2023
920,2023-07-09,7,3,2023
921,2023-07-10,7,3,2023
922,2023-07-11,7,3,2023
923,2023-07-12,7,3,2023
924,2023-07-13,7,3,2023
925,2023-07-14,7,3,2023
926,2023-07-15,7,3,2023
927,2023-07-16,7,3,2023
928,2023-07-17,7,3,2023
929,2023-07-18,7,3,2023
930,2023-07-19,7,3,2023
931,2023-07-20,7,3,2023
932,2023-07-21,7,3,2023
933,2023-07-22,7,3,2023
934,2023-07-23,7,3,2023
935,2023-07-24,7,3,2023
936,2023-07-25,7,3,2023
937,2023-07-26,7,3,2023
938,2023-07-27,7,3,2023
939,2023-07-28,7,3,2023
940,2023-07-29,7,3,2023
941,2023-07-30,7,3,2023
942,2023-07-31,7,3,2023
943,2023-08-01,8,3,2023
944,2023-08-02,8,3,2023
945,2023-08-03,8,3,2023
946,2023-08-04,8,3,2023
947,2023-08-05,8,3,2023
948,2023-08-06,8,3,2023
949,2023-08-07,8,3,2023
950,2023-08-08,8,3,2023
951,2023-08-09,8,3,2023
952,2023-08-10,8,3,2023
953,2023-08-11,8,3,2023
954,2023-08-12,8,3,2023
955,2023-08-13,8,3,2023
956,2023-08-14,8,3,2023
957,2023-08-15,8,3,2023
958,2023-08-16,8,3,2023
959,2023-08-17,8,3,2023
960,2023-08-18,8,3,2023
961,2023-08-19,8,3,2023
962,2023-08-20,8,3,2023
963,2023-08-21,8,3,2023
964,2023-08-22,8,3,2023
965,2023-08-23,8,3,2023
966,2023-08-24,8,3,2023
967,2023-08-25,8,3,2023
968,2023-08-26,8,3,2023
969,2023-08-27,8,3,2023
970,2023-08-28,8,3,2023
971,2023-08-29,8,3,2023
972,2023-08-30,8,3,2023
973,2023-08-31,8,3,2023
974,2023-09-01,9,3,2023
975,2023-09-02,9,3,2023
976,2023-09-03,9,3,2023
977,2023-09-04,9,3,2023
978,2023-09-05,9,3,2023
979,2023-09-06,9,3,2023
980,2023-09-07,9,3,2023
981,2023-09-08,9,3,2023
982,2023-09-09,9,3,2023
983,2023-09-10,9,3,2023
984,2023-09-11,9,3,2023
985,2023-09-12,9,3,2023
986,2023-09-13,9,3,2023
987,2023-09-14,9,3,2023
988,2023-09-15,9,3,2023
989,2023-09-16,9,3,2023
990,2023-09-17,9,3,2023
991,2023-09-18,9,3,2023
992,2023-09-19,9,3,2023
993,2023-09-20,9,3,2023
994,2023-09-21,9,3,2023
995,2023-09-22,9,3,2023
996,2023-09-23,9,3,2023
997,2023-09-24,9,3,2023
998,2023-09-25,9,3,2023
999,2023-09-26,9,3,2023
1000,2023-09-27,9,3,2023
1001,2023-09-28,9,3,2023
1002,2023-09-29,9,3,2023
1003,2023-09-30,9,3,2023
1004,2023-10-01,10,4,2023
1005,2023-10-02,10,4,2023
1006,2023-10-03,10,4,2023
1007,2023-10-04,10,4,2023
1008,2023-10-05,10,4,2023
1009,2023-10-06,10,4,2023
1010,2023-10-07,10,4,2023
1011,2023-10-08,10,4,2023
1012,2023-10-09,10,4,2023
1013,2023-10-10,10,4,2023
1014,2023-10-11,10,4,2023
1015,2023-10-12,10,4,2023
1016,2023-10-13,10,4,2023
1017,2023-10-14,10,4,2023
1018,2023-10-15,10,4,2023
1019,2023-10-16,10,4,2023
1020,2023-10-17,10,4,2023
1021,2023-10-18,10,4,2023
1022,2023-10-19,10,4,2023
1023,2023-10-20,10,4,2023
1024,2023-10-21,10,4,2023
1025,2023-10-22,10,4,2023
1026,2023-10-23,10,4,2023
1027,2023-10-24,10,4,2023
1028,2023-10-25,10,4,2023
1029,2023-10-26,10,4,2023
1030,2023-10-27,10,4,2023
1031,2023-10-28,10,4,2023
1032,2023-10-29,10,4,2023
1033,2023-10-30,10,4,2023
1034,2023-10-31,10,4,2023
1035,2023-11-01,11,4,2023
1036,2023-11-02,11,4,2023
1037,2023-11-03,11,4,2023
1038,2023-11-04,11,4,2023
1039,2023-11-05,11,4,2023
1040,2023-11-06,11,4,2023
1041,2023-11-07,11,4,2023
1042,2023-11-08,11,4,2023
1043,2023-11-09,11,4,2023
1044,2023-11-10,11,4,2023
1045,2023-11-11,11,4,2023
1046,2023-11-12,11,4,2023
1047,2023-11-13,11,4,2023
1048,2023-11-14,11,4,2023
1049,2023-11-15,11,4,2023
1050,2023-11-16,11,4,2023
1051,2023-11-17,11,4,2023
1052,2023-11-18,11,4,2023
1053,2023-11-19,11,4,2023
1054,2023-11-20,11,4,2023
1055,2023-11-21,11,4,2023
1056,2023-11-22,11,4,2023
1057,2023-11-23,11,4,2023
1058,2023-11-24,11,4,2023
1059,2023-11-25,11,4,2023
1060,2023-11-26,11,4,2023
1061,2023-11-27,11,4,2023
1062,2023-11-28,11,4,2023
1063,2023-11-29,11,4,2023
1064,2023-11-30,11,4,2023
1065,2023-12-01,12,4,2023
1066,2023-12-02,12,4,2023
1067,2023-12-03,12,4,2023
1068,2023-12-04,12,4,2023
1069,2023-12-05,12,4,2023
1070,2023-12-06,12,4,2023
1071,2023-12-07,12,4,2023
1072,2023-12-08,12,4,2023
1073,2023-12-09,12,4,2023
1074,2023-12-10,12,4,2023
1075,2023-12-11,12,4,2023
1076,2023-12-12,12,4,2023
1077,2023-12-13,12,4,2023
1078,2023-12-14,12,4,2023
1079,2023-12-15,12,4,2023
1080,2023-12-16,12,4,2023
1081,2023-12-17,12,4,2023
1082,2023-12-18,12,4,2023
1083,2023-12-19,12,4,2023
1084,2023-12-20,12,4,2023
1085,2023-12-21,12,4,2023
1086,2023-12-22,12,4,2023
1087,2023-12-23,12,4,2023
1088,2023-12-24,12,4,2023
1089,2023-12-25,12,4,2023
1090,2023-12-26,12,4,2023
1091,2023-12-27,12,4,2023
1092,2023-12-28,12,4,2023
1093,2023-12-29,12,4,2023
1094,2023-12-30,12,4,2023
1095,2023-12-31,12,4,2023
1096,2024-01-01,1,1,2024
1097,2024-01-02,1,1,2024
1098,2024-01-03,1,1,2024
1099,2024-01-04,1,1,2024
1100,2024-01-05,1,1,2024
1101,2024-01-06,1,1,2024
1102,2024-01-07,1,1,2024
1103,2024-01-08,1,1,2024
1104,2024-01-09,1,1,2024
1105,2024-01-10,1,1,2024
1106,2024-01-11,1,1,2024
1107,2024-01-12,1,1,2024
1108,2024-01-13,1,1,2024
1109,2024-01-14,1,1,2024
1110,2024-01-15,1,1,2024
1111,2024-01-16,1,1,2024
1112,2024-01-17,1,1,2024
1113,2024-01-18,1,1,2024
1114,2024-01-19,1,1,2024
1115,2024-01-20,1,1,2024
1116,2024-01-21,1,1,2024
1117,2024-01-22,1,1,2024
1118,2024-01-23,1,1,2024
1119,2024-01-24,1,1,2024
1120,2024-01-25,1,1,2024
1121,2024-01-26,1,1,2024
1122,2024-01-27,1,1,2024
1123,2024-01-28,1,1,2024
1124,2024-01-29,1,1,2024
1125,2024-01-30,1,1,2024
1126,2024-01-31,1,1,2024
1127,2024-02-01,2,1,2024
1128,2024-02-02,2,1,2024
1129,2024-02-03,2,1,2024
1130,2024-02-04,2,1,2024
1131,2024-02-05,2,1,2024
1132,2024-02-06,2,1,2024
1133,2024-02-07,2,1,2024
1134,2024-02-08,2,1,2024
1135,2024-02-09,2,1,2024
1136,2024-02-10,2,1,2024
1137,2024-02-11,2,1,2024
1138,2024-02-12,2,1,2024
1139,2024-02-13,2,1,2024
1140,2024-02-14,2,1,2024
1141,2024-02-15,2,1,2024
1142,2024-02-16,2,1,2024
1143,2024-02-17,2,1,2024
1144,2024-02-18,2,1,2024
1145,2024-02-19,2,1,2024
1146,2024-02-20,2,1,2024
1147,2024-02-21,2,1,2024
1148,2024-02-22,2,1,2024
1149,2024-02-23,2,1,2024
1150,2024-02-24,2,1,2024
1151,2024-02-25,2,1,2024
1152,2024-02-26,2,1,2024
1153,2024-02-27,2,1,2024
1154,2024-02-28,2,1,2024
1155,2024-02-29,2,1,2024
1156,2024-03-01,3,1,2024
1157,2024-03-02,3,1,2024
1158,2024-03-03,3,1,2024
1159,2024-03-04,3,1,2024
1160,2024-03-05,3,1,2024
1161,2024-03-06,3,1,2024
1162,2024-03-07,3,1,2024
1163,2024-03-08,3,1,2024
1164,2024-03-09,3,1,2024
1165,2024-03-10,3,1,2024
1166,2024-03-11,3,1,2024
1167,2024-03-12,3,1,2024
1168,2024-03-13,3,1,2024
1169,2024-03-14,3,1,2024
1170,2024-03-15,3,1,2024
1171,2024-03-16,3,1,2024
1172,2024-03-17,3,1,2024
1173,2024-03-18,3,1,2024
1174,2024-03-19,3,1,2024
1175,2024-03-20,3,1,2024
1176,2024-03-21,3,1,2024
1177,2024-03-22,3,1,2024
1178,2024-03-23,3,1,2024
1179,2024-03-24,3,1,2024
1180,2024-03-25,3,1,2024
1181,2024-03-26,3,1,2024
1182,2024-03-27,3,1,2024
1183,2024-03-28,3,1,2024
1184,2024-03-29,3,1,2024
1185,2024-03-30,3,1,2024
1186,2024-03-31,3,1,2024
1187,2024-04-01,4,2,2024
1188,2024-04-02,4,2,2024
1189,2024-04-03,4,2,2024
1190,2024-04-04,4,2,2024
1191,2024-04-05,4,2,2024
1192,2024-04-06,4,2,2024
1193,2024-04-07,4,2,2024
1194,2024-04-08,4,2,2024
1195,2024-04-09,4,2,2024
1196,2024-04-10,4,2,2024
1197,2024-04-11,4,2,2024
1198,2024-04-12,4,2,2024
1199,2024-04-13,4,2,2024
1200,2024-04-14,4,2,2024
1201,2024-04-15,4,2,2024
1202,2024-04-16,4,2,2024
1203,2024-04-17,4,2,2024
1204,2024-04-18,4,2,2024
1205,2024-04-19,4,2,2024
1206,2024-04-20,4,2,2024
1207,2024-04-21,4,2,2024
1208,2024-04-22,4,2,2024
1209,2024-04-23,4,2,2024
1210,2024-04-24,4,2,2024
1211,2024-04-25,4,2,2024
1212,2024-04-26,4,2,2024
1213,2024-04-27,4,2,2024
1214,2024-04-28,4,2,2024
1215,2024-04-29,4,2,2024
1216,2024-04-30,4,2,2024
1217,2024-05-01,5,2,2024
1218,2024-05-02,5,2,2024
1219,2024-05-03,5,2,2024
1220,2024-05-04,5,2,2024
1221,2024-05-05,5,2,2024
1222,2024-05-06,5,2,2024
1223,2024-05-07,5,2,2024
1224,2024-05-08,5,2,2024
1225,2024-05-09,5,2,2024
1226,2024-05-10,5,2,2024
1227,2024-05-11,5,2,2024
1228,2024-05-12,5,2,2024
1229,2024-05-13,5,2,2024
1230,2024-05-14,5,2,2024
1231,2024-05-15,5,2,2024
1232,2024-05-16,5,2,2024
1233,2024-05-17,5,2,2024
1234,2024-05-18,5,2,2024
1235,2024-05-19,5,2,2024
1236,2024-05-20,5,2,2024
1237,2024-05-21,5,2,2024
1238,2024-05-22,5,2,2024
1239,2024-05-23,5,2,2024
1240,2024-05-24,5,2,2024
1241,2024-05-25,5,2,2024
1242,2024-05-26,5,2,2024
1243,2024-05-27,5,2,2024
1244,2024-05-28,5,2,2024
1245,2024-05-29,5,2,2024
1246,2024-05-30,5,2,2024
1247,2024-05-31,5,2,2024
1248,2024-06-01,6,2,2024
1249,2024-06-02,6,2,2024
1250,2024-06-03,6,2,2024
1251,2024-06-04,6,2,2024
1252,2024-06-05,6,2,2024
1253,2024-06-06,6,2,2024
1254,2024-06-07,6,2,2024
1255,2024-06-08,6,2,2024
1256,2024-06-09,6,2,2024
1257,2024-06-10,6,2,2024
1258,2024-06-11,6,2,2024
1259,2024-06-12,6,2,2024
1260,2024-06-13,6,2,2024
1261,2024-06-14,6,2,2024
1262,2024-06-15,6,2,2024
1263,2024-06-16,6,2,2024
1264,2024-06-17,6,2,2024
1265,2024-06-18,6,2,2024
1266,2024-06-19,6,2,2024
1267,2024-06-20,6,2,2024
1268,2024-06-21,6,2,2024
1269,2024-06-22,6,2,2024
1270,2024-06-23,6,2,2024
1271,2024-06-24,6,2,2024
1272,2024-06-25,6,2,2024
1273,2024-06-26,6,2,2024
1274,2024-06-27,6,2,2024
1275,2024-06-28,6,2,2024
1276,2024-06-29,6,2,2024
1277,2024-06-30,6,2,2024
1278,2024-07-01,7,3,2024
1279,2024-07-02,7,3,2024
1280,2024-07-03,7,3,2024
1281,2024-07-04,7,3,2024
1282,2024-07-05,7,3,2024
1283,2024-07-06,7,3,2024
1284,2024-07-07,7,3,2024
1285,2024-07-08,7,3,2024
1286,2024-07-09,7,3,2024
1287,2024-07-10,7,3,2024
1288,2024-07-11,7,3,2024
1289,2024-07-12,7,3,2024
1290,2024-07-13,7,3,2024
1291,2024-07-14,7,3,2024
1292,2024-07-15,7,3,2024
1293,2024-07-16,7,3,2024
1294,2024-07-17,7,3,2024
1295,2024-07-18,7,3,2024
1296,2024-07-19,7,3,2024
1297,2024-07-20,7,3,2024
1298,2024-07-21,7,3,2024
1299,2024-07-22,7,3,2024
1300,2024-07-23,7,3,2024
1301,2024-07-24,7,3,2024
1302,2024-07-25,7,3,2024
1303,2024-07-26,7,3,2024
1304,2024-07-27,7,3,2024
1305,2024-07-28,7,3,2024
1306,2024-07-29,7,3,2024
1307,2024-07-30,7,3,2024
1308,2024-07-31,7,3,2024
1309,2024-08-01,8,3,2024
1310,2024-08-02,8,3,2024
1311,2024-08-03,8,3,2024
1312,2024-08-04,8,3,2024
1313,2024-08-05,8,3,2024
1314,2024-08-06,8,3,2024
1315,2024-08-07,8,3,2024
1316,2024-08-08,8,3,2024
1317,2024-08-09,8,3,2024
1318,2024-08-10,8,3,2024
1319,2024-08-11,8,3,2024
1320,2024-08-12,8,3,2024
1321,2024-08-13,8,3,2024
1322,2024-08-14,8,3,2024
1323,2024-08-15,8,3,2024
1324,2024-08-16,8,3,2024
1325,2024-08-17,8,3,2024
1326,2024-08-18,8,3,2024
1327,2024-08-19,8,3,2024
1328,2024-08-20,8,3,2024
1329,2024-08-21,8,3,2024
1330,2024-08-22,8,3,2024
1331,2024-08-23,8,3,2024
1332,2024-08-24,8,3,2024
1333,2024-08-25,8,3,2024
1334,2024-08-26,8,3,2024
1335,2024-08-27,8,3,2024
1336,2024-08-28,8,3,2024
1337,2024-08-29,8,3,2024
1338,2024-08-30,8,3,2024
1339,2024-08-31,8,3,2024
1340,2024-09-01,9,3,2024
1341,2024-09-02,9,3,2024
1342,2024-09-03,9,3,2024
1343,2024-09-04,9,3,2024
1344,2024-09-05,9,3,2024
1345,2024-09-06,9,3,2024
1346,2024-09-07,9,3,2024
1347,2024-09-08,9,3,2024
1348,2024-09-09,9,3,2024
1349,2024-09-10,9,3,2024
1350,2024-09-11,9,3,2024
1351,2024-09-12,9,3,2024
1352,2024-09-13,9,3,2024
1353,2024-09-14,9,3,2024
1354,2024-09-15,9,3,2024
1355,2024-09-16,9,3,2024
1356,2024-09-17,9,3,2024
1357,2024-09-18,9,3,2024
1358,2024-09-19,9,3,2024
1359,2024-09-20,9,3,2024
1360,2024-09-21,9,3,2024
1361,2024-09-22,9,3,2024
1362,2024-09-23,9,3,2024
1363,2024-09-24,9,3,2024
1364,2024-09-25,9,3,2024
1365,2024-09-26,9,3,2024
1366,2024-09-27,9,3,2024
1367,2024-09-28,9,3,2024
1368,2024-09-29,9,3,2024
1369,2024-09-30,9,3,2024
1370,2024-10-01,10,4,2024
1371,2024-10-02,10,4,2024
1372,2024-10-03,10,4,2024
1373,2024-10-04,10,4,2024
1374,2024-10-05,10,4,2024
1375,2024-10-06,10,4,2024
1376,2024-10-07,10,4,2024
1377,2024-10-08,10,4,2024
1378,2024-10-09,10,4,2024
1379,2024-10-10,10,4,2024
1380,2024-10-11,10,4,2024
1381,2024-10-12,10,4,2024
1382,2024-10-13,10,4,2024
1383,2024-10-14,10,4,2024
1384,2024-10-15,10,4,2024
1385,2024-10-16,10,4,2024
1386,2024-10-17,10,4,2024
1387,2024-10-18,10,4,2024
1388,2024-10-19,10,4,2024
1389,2024-10-20,10,4,2024
1390,2024-10-21,10,4,2024
1391,2024-10-22,10,4,2024
1392,2024-10-23,10,4,2024
1393,2024-10-24,10,4,2024
1394,2024-10-25,10,4,2024
1395,2024-10-26,10,4,2024
1396,2024-10-27,10,4,2024
1397,2024-10-28,10,4,2024
1398,2024-10-29,10,4,2024
1399,2024-10-30,10,4,2024
1400,2024-10-31,10,4,2024
1401,2024-11-01,11,4,2024
1402,2024-11-02,11,4,2024
1403,2024-11-03,11,4,2024
1404,2024-11-04,11,4,2024
1405,2024-11-05,11,4,2024
1406,2024-11-06,11,4,2024
1407,2024-11-07,11,4,2024
1408,2024-11-08,11,4,2024
1409,2024-11-09,11,4,2024
1410,2024-11-10,11,4,2024
1411,2024-11-11,11,4,2024
1412,2024-11-12,11,4,2024
1413,2024-11-13,11,4,2024
1414,2024-11-14,11,4,2024
1415,2024-11-15,11,4,2024
1416,2024-11-16,11,4,2024
1417,2024-11-17,11,4,2024
1418,2024-11-18,11,4,2024
1419,2024-11-19,11,4,2024
1420,2024-11-20,11,4,2024
1421,2024-11-21,11,4,2024
1422,2024-11-22,11,4,2024
1423,2024-11-23,11,4,2024
1424,2024-11-24,11,4,2024
1425,2024-11-25,11,4,2024
1426,2024-11-26,11,4,2024
1427,2024-11-27,11,4,2024
1428,2024-11-28,11,4,2024
1429,2024-11-29,11,4,2024
1430,2024-11-30,11,4,2024
1431,2024-12-01,12,4,2024
1432,2024-12-02,12,4,2024
1433,2024-12-03,12,4,2024
1434,2024-12-04,12,4,2024
1435,2024-12-05,12,4,2024
1436,2024-12-06,12,4,2024
1437,2024-12-07,12,4,2024
1438,2024-12-08,12,4,2024
1439,2024-12-09,12,4,2024
1440,2024-12-10,12,4,2024
1441,2024-12-11,12,4,2024
1442,2024-12-12,12,4,2024
1443,2024-12-13,12,4,2024
1444,2024-12-14,12,4,2024
1445,2024-12-15,12,4,2024
1446,2024-12-16,12,4,2024
1447,2024-12-17,12,4,2024
1448,2024-12-18,12,4,2024
1449,2024-12-19,12,4,2024
1450,2024-12-20,12,4,2024
1451,2024-12-21,12,4,2024
1452,2024-12-22,12,4,2024
1453,2024-12-23,12,4,2024
1454,2024-12-24,12,4,2024
1455,2024-12-25,12,4,2024
1456,2024-12-26,12,4,2024
1457,2024-12-27,12,4,2024
1458,2024-12-28,12,4,2024
1459,2024-12-29,12,4,2024
1460,2024-12-30,12,4,2024
1461,2024-12-31,12,4,2024
1462,2025-01-01,1,1,2025
1463,2025-01-02,1,1,2025
1464,2025-01-03,1,1,2025
1465,2025-01-04,1,1,2025
1466,2025-01-05,1,1,2025
1467,2025-01-06,1,1,2025
1468,2025-01-07,1,1,2025
1469,2025-01-08,1,1,2025
1470,2025-01-09,1,1,2025
1471,2025-01-10,1,1,2025
1472,2025-01-11,1,1,2025
1473,2025-01-12,1,1,2025
1474,2025-01-13,1,1,2025
1475,2025-01-14,1,1,2025
1476,2025-01-15,1,1,2025
1477,2025-01-16,1,1,2025
1478,2025-01-17,1,1,2025
1479,2025-01-18,1,1,2025
1480,2025-01-19,1,1,2025
1481,2025-01-20,1,1,2025
1482,2025-01-21,1,1,2025
1483,2025-01-22,1,1,2025
1484,2025-01-23,1,1,2025
1485,2025-01-24,1,1,2025
1486,2025-01-25,1,1,2025
1487,2025-01-26,1,1,2025
1488,2025-01-27,1,1,2025
1489,2025-01-28,1,1,2025
1490,2025-01-29,1,1,2025
1491,2025-01-30,1,1,2025
1492,2025-01-31,1,1,2025
1493,2025-02-01,2,1,2025
1494,2025-02-02,2,1,2025
1495,2025-02-03,2,1,2025
1496,2025-02-04,2,1,2025
1497,2025-02-05,2,1,2025
1498,2025-02-06,2,1,2025
1499,2025-02-07,2,1,2025
1500,2025-02-08,2,1,2025
1501,2025-02-09,2,1,2025
1502,2025-02-10,2,1,2025
1503,2025-02-11,2,1,2025
1504,2025-02-12,2,1,2025
1505,2025-02-13,2,1,2025
1506,2025-02-14,2,1,2025
1507,2025-02-15,2,1,2025
1508,2025-02-16,2,1,2025
1509,2025-02-17,2,1,2025
1510,2025-02-18,2,1,2025
1511,2025-02-19,2,1,2025
1512,2025-02-20,2,1,2025
1513,2025-02-21,2,1,2025
1514,2025-02-22,2,1,2025
1515,2025-02-23,2,1,2025
1516,2025-02-24,2,1,2025
1517,2025-02-25,2,1,2025
1518,2025-02-26,2,1,2025
1519,2025-02-27,2,1,2025
1520,2025-02-28,2,1,2025
1521,2025-03-01,3,1,2025
1522,2025-03-02,3,1,2025
1523,2025-03-03,3,1,2025
1524,2025-03-04,3,1,2025
1525,2025-03-05,3,1,2025
1526,2025-03-06,3,1,2025
1527,2025-03-07,3,1,2025
1528,2025-03-08,3,1,2025
1529,2025-03-09,3,1,2025
1530,2025-03-10,3,1,2025
1531,2025-03-11,3,1,2025
1532,2025-03-12,3,1,2025
1533,2025-03-13,3,1,2025
1534,2025-03-14,3,1,2025
1535,2025-03-15,3,1,2025
1536,2025-03-16,3,1,2025
1537,2025-03-17,3,1,2025
1538,2025-03-18,3,1,2025
1539,2025-03-19,3,1,2025
1540,2025-03-20,3,1,2025
1541,2025-03-21,3,1,2025
1542,2025-03-22,3,1,2025
1543,2025-03-23,3,1,2025
1544,2025-03-24,3,1,2025
1545,2025-03-25,3,1,2025
1546,2025-03-26,3,1,2025
1547,2025-03-27,3,1,2025
1548,2025-03-28,3,1,2025
1549,2025-03-29,3,1,2025
1550,2025-03-30,3,1,2025
1551,2025-03-31,3,1,2025
1552,2025-04-01,4,2,2025
1553,2025-04-02,4,2,2025
1554,2025-04-03,4,2,2025
1555,2025-04-04,4,2,2025
1556,2025-04-05,4,2,2025
1557,2025-04-06,4,2,2025
1558,2025-04-07,4,2,2025
1559,2025-04-08,4,2,2025
1560,2025-04-09,4,2,2025
1561,2025-04-10,4,2,2025
1562,2025-04-11,4,2,2025
1563,2025-04-12,4,2,2025
1564,2025-04-13,4,2,2025
1565,2025-04-14,4,2,2025
1566,2025-04-15,4,2,2025
1567,2025-04-16,4,2,2025
1568,2025-04-17,4,2,2025
1569,2025-04-18,4,2,2025
1570,2025-04-19,4,2,2025
1571,2025-04-20,4,2,2025
1572,2025-04-21,4,2,2025
1573,2025-04-22,4,2,2025
1574,2025-04-23,4,2,2025
1575,2025-04-24,4,2,2025
1576,2025-04-25,4,2,2025
1577,2025-04-26,4,2,2025
1578,2025-04-27,4,2,2025
1579,2025-04-28,4,2,2025
1580,2025-04-29,4,2,2025
1581,2025-04-30,4,2,2025
1582,2025-05-01,5,2,2025
1583,2025-05-02,5,2,2025
1584,2025-05-03,5,2,2025
1585,2025-05-04,5,2,2025
1586,2025-05-05,5,2,2025
1587,2025-05-06,5,2,2025
1588,2025-05-07,5,2,2025
1589,2025-05-08,5,2,2025
1590,2025-05-09,5,2,2025
1591,2025-05-10,5,2,2025
1592,2025-05-11,5,2,2025
1593,2025-05-12,5,2,2025
1594,2025-05-13,5,2,2025
1595,2025-05-14,5,2,2025
1596,2025-05-15,5,2,2025
1597,2025-05-16,5,2,2025
1598,2025-05-17,5,2,2025
1599,2025-05-18,5,2,2025
1600,2025-05-19,5,2,2025
1601,2025-05-20,5,2,2025
1602,2025-05-21,5,2,2025
1603,2025-05-22,5,2,2025
1604,2025-05-23,5,2,2025
1605,2025-05-24,5,2,2025
1606,2025-05-25,5,2,2025
1607,2025-05-26,5,2,2025
1608,2025-05-27,5,2,2025
1609,2025-05-28,5,2,2025
1610,2025-05-29,5,2,2025
1611,2025-05-30,5,2,2025
1612,2025-05-31,5,2,2025
1613,2025-06-01,6,2,2025
1614,2025-06-02,6,2,2025
1615,2025-06-03,6,2,2025
1616,2025-06-04,6,2,2025
1617,2025-06-05,6,2,2025
1618,2025-06-06,6,2,2025
1619,2025-06-07,6,2,2025
1620,2025-06-08,6,2,2025
1621,2025-06-09,6,2,2025
1622,2025-06-10,6,2,2025
1623,2025-06-11,6,2,2025
1624,2025-06-12,6,2,2025
1625,2025-06-13,6,2,2025
1626,2025-06-14,6,2,2025
1627,2025-06-15,6,2,2025
1628,2025-06-16,6,2,2025
1629,2025-06-17,6,2,2025
1630,2025-06-18,6,2,2025
1631,2025-06-19,6,2,2025
1632,2025-06-20,6,2,2025
1633,2025-06-21,6,2,2025
1634,2025-06-22,6,2,2025
1635,2025-06-23,6,2,2025
1636,2025-06-24,6,2,2025
1637,2025-06-25,6,2,2025
1638,2025-06-26,6,2,2025
1639,2025-06-27,6,2,2025
1640,2025-06-28,6,2,2025
1641,2025-06-29,6,2,2025
1642,2025-06-30,6,2,2025
1643,2025-07-01,7,3,2025
1644,2025-07-02,7,3,2025
1645,2025-07-03,7,3,2025
1646,2025-07-04,7,3,2025
1647,2025-07-05,7,3,2025
1648,2025-07-06,7,3,2025
1649,2025-07-07,7,3,2025
1650,2025-07-08,7,3,2025
1651,2025-07-09,7,3,2025
1652,2025-07-10,7,3,2025
1653,2025-07-11,7,3,2025
1654,2025-07-12,7,3,2025
1655,2025-07-13,7,3,2025
1656,2025-07-14,7,3,2025
1657,2025-07-15,7,3,2025
1658,2025-07-16,7,3,2025
1659,2025-07-17,7,3,2025
1660,2025-07-18,7,3,2025
1661,2025-07-19,7,3,2025
1662,2025-07-20,7,3,2025
1663,2025-07-21,7,3,2025
1664,2025-07-22,7,3,2025
1665,2025-07-23,7,3,2025
1666,2025-07-24,7,3,2025
1667,2025-07-25,7,3,2025
1668,2025-07-26,7,3,2025
1669,2025-07-27,7,3,2025
1670,2025-07-28,7,3,2025
1671,2025-07-29,7,3,2025
1672,2025-07-30,7,3,2025
1673,2025-07-31,7,3,2025
1674,2025-08-01,8,3,2025
1675,2025-08-02,8,3,2025
1676,2025-08-03,8,3,2025
1677,2025-08-04,8,3,2025
1678,2025-08-05,8,3,2025
1679,2025-08-06,8,3,2025
1680,2025-08-07,8,3,2025
1681,2025-08-08,8,3,2025
1682,2025-08-09,8,3,2025
1683,2025-08-10,8,3,2025
1684,2025-08-11,8,3,2025
1685,2025-08-12,8,3,2025
1686,2025-08-13,8,3,2025
1687,2025-08-14,8,3,2025
1688,2025-08-15,8,3,2025
1689,2025-08-16,8,3,2025
1690,2025-08-17,8,3,2025
1691,2025-08-18,8,3,2025
1692,2025-08-19,8,3,2025
1693,2025-08-20,8,3,2025
1694,2025-08-21,8,3,2025
1695,2025-08-22,8,3,2025
1696,2025-08-23,8,3,2025
1697,2025-08-24,8,3,2025
1698,2025-08-25,8,3,2025
1699,2025-08-26,8,3,2025
1700,2025-08-27,8,3,2025
1701,2025-08-28,8,3,2025
1702,2025-08-29,8,3,2025
1703,2025-08-30,8,3,2025
1704,2025-08-31,8,3,2025
1705,2025-09-01,9,3,2025
1706,2025-09-02,9,3,2025
1707,2025-09-03,9,3,2025
1708,2025-09-04,9,3,2025
1709,2025-09-05,9,3,2025
1710,2025-09-06,9,3,2025
1711,2025-09-07,9,3,2025
1712,2025-09-08,9,3,2025
1713,2025-09-09,9,3,2025
1714,2025-09-10,9,3,2025
1715,2025-09-11,9,3,2025
1716,2025-09-12,9,3,2025
1717,2025-09-13,9,3,2025
1718,2025-09-14,9,3,2025
1719,2025-09-15,9,3,2025
1720,2025-09-16,9,3,2025
1721,2025-09-17,9,3,2025
1722,2025-09-18,9,3,2025
1723,2025-09-19,9,3,2025
1724,2025-09-20,9,3,2025
1725,2025-09-21,9,3,2025
1726,2025-09-22,9,3,2025
1727,2025-09-23,9,3,2025
1728,2025-09-24,9,3,2025
1729,2025-09-25,9,3,2025
1730,2025-09-26,9,3,2025
1731,2025-09-27,9,3,2025
1732,2025-09-28,9,3,2025
1733,2025-09-29,9,3,2025
1734,2025-09-30,9,3,2025
1735,2025-10-01,10,4,2025
1736,2025-10-02,10,4,2025
1737,2025-10-03,10,4,2025
1738,2025-10-04,10,4,2025
1739,2025-10-05,10,4,2025
1740,2025-10-06,10,4,2025
1741,2025-10-07,10,4,2025
1742,2025-10-08,10,4,2025
1743,2025-10-09,10,4,2025
1744,2025-10-10,10,4,2025
1745,2025-10-11,10,4,2025
1746,2025-10-12,10,4,2025
1747,2025-10-13,10,4,2025
1748,2025-10-14,10,4,2025
1749,2025-10-15,10,4,2025
1750,2025-10-16,10,4,2025
1751,2025-10-17,10,4,2025
1752,2025-10-18,10,4,2025
1753,2025-10-19,10,4,2025
1754,2025-10-20,10,4,2025
1755,2025-10-21,10,4,2025
1756,2025-10-22,10,4,2025
1757,2025-10-23,10,4,2025
1758,2025-10-24,10,4,2025
1759,2025-10-25,10,4,2025
1760,2025-10-26,10,4,2025
1761,2025-10-27,10,4,2025
1762,2025-10-28,10,4,2025
1763,2025-10-29,10,4,2025
1764,2025-10-30,10,4,2025
1765,2025-10-31,10,4,2025
1766,2025-11-01,11,4,2025
1767,2025-11-02,11,4,2025
1768,2025-11-03,11,4,2025
1769,2025-11-04,11,4,2025
1770,2025-11-05,11,4,2025
1771,2025-11-06,11,4,2025
1772,2025-11-07,11,4,2025
1773,2025-11-08,11,4,2025
1774,2025-11-09,11,4,2025
1775,2025-11-10,11,4,2025
1776,2025-11-11,11,4,2025
1777,2025-11-12,11,4,2025
1778,2025-11-13,11,4,2025
1779,2025-11-14,11,4,2025
1780,2025-11-15,11,4,2025
1781,2025-11-16,11,4,2025
1782,2025-11-17,11,4,2025
1783,2025-11-18,11,4,2025
1784,2025-11-19,11,4,2025
1785,2025-11-20,11,4,2025
1786,2025-11-21,11,4,2025
1787,2025-11-22,11,4,2025
1788,2025-11-23,11,4,2025
1789,2025-11-24,11,4,2025
1790,2025-11-25,11,4,2025
1791,2025-11-26,11,4,2025
1792,2025-11-27,11,4,2025
1793,2025-11-28,11,4,2025
1794,2025-11-29,11,4,2025
1795,2025-11-30,11,4,2025
1796,2025-12-01,12,4,2025
1797,2025-12-02,12,4,2025
1798,2025-12-03,12,4,2025
1799,2025-12-04,12,4,2025
1800,2025-12-05,12,4,2025
1801,2025-12-06,12,4,2025
1802,2025-12-07,12,4,2025
1803,2025-12-08,12,4,2025
1804,2025-12-09,12,4,2025
1805,2025-12-10,12,4,2025
1806,2025-12-11,12,4,2025
1807,2025-12-12,12,4,2025
1808,2025-12-13,12,4,2025
1809,2025-12-14,12,4,2025
1810,2025-12-15,12,4,2025
1811,2025-12-16,12,4,2025
1812,2025-12-17,12,4,2025
1813,2025-12-18,12,4,2025
1814,2025-12-19,12,4,2025
1815,2025-12-20,12,4,2025
1816,2025-12-21,12,4,2025
1817,2025-12-22,12,4,2025
1818,2025-12-23,12,4,2025
1819,2025-12-24,12,4,2025
1820,2025-12-25,12,4,2025
1821,2025-12-26,12,4,2025
1822,2025-12-27,12,4,2025
1823,2025-12-28,12,4,2025
1824,2025-12-29,12,4,2025
1825,2025-12-30,12,4,2025
1826,2025-12-31,12,4,2025
